{
   "/analyze_case/": {
        "url": "http://127.0.0.1:8000/api/v1/analysis",
        "inout": {
            "case_id": 10010,
            "case_text": "张三盗窃3000元。",
            "analysis": "分析内容..."
        },
        "output":{
            "timeline": "1. 张三盗窃3000元。",
            "relation": "在分析张三盗窃3000元这一案例时，我们首先需要明确案件的基本事实和涉及的各方当事人。根据案情，张三是此案的直接行为人，盗窃的对象是3000元现金。在这一案件中，涉及的主要法律关系包括：\n\n1. **侵权责任关系**：张三的盗窃行为构成了对被害人财产权的侵犯，依据我国民法通则的原则，任何侵犯他人权益的行为都应当承担相应的法律责任。在此案中，张三作为侵权行为人，需要对其非法行为产生的后果负责，包括但不限于赔偿被盗金额3000元。\n\n2. **刑事责任关系**：盗窃行为不仅触犯了民法的规定，同时也触犯了刑法的禁令。在我国的法律体系中，盗窃是一种刑事犯罪行为，根据行为的严重程度，行为人需要承担相应的刑事责任，可能包括罚金、拘留或者监禁等处罚形式。因此，张三还将面临刑事追责。\n\n3. **民事赔偿与刑事处罚的关系**：虽然张三的行为同时触犯了民法与刑法，但这两种法律责任是并行不悖的。这意味着张三不仅要面对刑事处罚，还需要对被害人进行民事赔偿。这两方面的责任互不影响，即刑事处罚并不能免除张三的民事赔偿责任。\n\n在处理此类案件时，相关法律机构需要综合考虑案件的具体情况，包括但不限于犯罪的动机、手段、结果以及犯罪人的态度等因素，综合评估后做出相应的法律判决。\n\n总结来说，张三盗窃3000元的行为涉及到了侵权责任关系和刑事责任关系，这两种法律责任关系都需要张三承担相应的法律后果。此外，刑事处罚并不免除张三进行民事赔偿的责任，两者是相互独立的。",
            "cause": "根据所提供的信息，案件的根本原因是张三进行了盗窃行为，涉及金额为3000元。在民法领域，虽然主要处理的是民事纠纷，但盗窃行为触犯了刑法的相关规定，属于刑事犯罪行为。盗窃行为的发生通常源于行为人对财物的非法占有欲望，不考虑法律禁止与社会公德，采取非法手段侵占他人财产。\n\n在此案件中，张三盗窃的直接原因是其有意识地违反了法律对个人财产权的保护，通过非法方式获取他人财产，体现了对社会法律秩序的破坏。从民事法律角度看，虽然此案涉及的是刑事犯罪，但被害方有权要求侵权人赔偿因盗窃行为所造成的财产损失，包括但不限于直接财产损失、必要的维修费用、因处理此事而产生的合理费用等。\n\n总之，本案的根本原因在于张三的非法盗窃行为，该行为不仅触及刑法规定，同时也侵犯了他人的财产权益，导致了法律后果的产生。在处理此类案件时，应当从维护财产权和社会法律秩序的角度出发，依法追究行为人的法律责任。",
            "claim": "针对张三盗窃3000元的案例，我将从民事责任角度出发，进行分析和制定应对策略。根据我国民法通则的相关规定，虽然盗窃属于刑事犯罪行为，但受害方也可依法提起民事诉讼，要求赔偿损失。\n\n### 一、案件分析\n\n- **事实情况**：张三盗窃了3000元。这一行为构成了刑法上的盗窃罪，同时也侵犯了他人的财产权。\n- **法律关系**：在民事法律关系中，张三作为侵权行为人，需对其行为产生的后果承担相应的民事责任。\n\n### 二、诉讼主张\n\n1. **财产损失赔偿**：主张张三赔偿被盗窃的3000元。\n2. **精神损害赔偿**：根据具体情况，如果受害人因此受到严重精神打击，可适当要求精神损害赔偿。\n3. **诉讼费用等相关费用**：包括但不限于律师费、交通费等因诉讼产生的合理费用。\n\n### 三、策略制定\n\n1. **证据收集**：\n   - 收集张三盗窃行为的直接证据，包括监控录像、现场照片等。\n   - 准备受害人的财产证明，如3000元的来源和用途证明。\n   - 如果需要主张精神损害赔偿，收集医疗报告、心理咨询记录等证明精神损失的证据。\n\n2. **法律途径**：\n   - 刑事诉讼：首先，张三的盗窃行为应由检察院提起公诉，追究其刑事责任。\n   - 民事诉讼：在刑事诉讼同时或结束后，受害人可依法提起民事诉讼，要求赔偿损失。\n\n3. **和解考虑**：\n   - 在可能的情况下，考虑与张三协商和解，快速有效地恢复受害人的损失，减少诉讼成本和时间。\n\n4. **法庭策略**：\n   - 明确诉讼请求，合理计算各项损失和赔偿金额。\n   - 详细陈述案件事实，有力证明张三的侵权行为及其对受害人造成的损失。\n   - 针对可能的抗辩，准备相应的反驳材料，确保法庭支持我们的诉求。\n\n通过上述策略，我们旨在最大限度地保护受害人的合法权益，追回被盗财物，并争取适当的精神损害赔偿，为受害人带来公正的法律救济。",
            "questions": "一、案件信息完整性评估：\n\n本案件提供的信息极其简略，只说明了“张三盗窃3000元”的行为，但缺乏详细的案件背景、行为过程、涉及人员等关键信息。在进行法律分析和案件处理时，仅凭这一简单描述难以做出全面的判断和分析。\n\n二、需要补充的信息和澄清事项清单：\n\n1. **案件背景和详细经过**：需要了解张三盗窃行为的具体时间、地点、方式、动机等详细情况。这些信息对判断案件性质和应用法律条款至关重要。\n\n2. **被盗财物的具体信息**：应明确3000元是现金还是等值物品，以及这些财物的来龙去脉，是否有合法所有者等信息。\n\n3. **张三的个人信息**：包括但不限于年龄、职业、家庭情况、是否有前科等，这些信息对判断其行为动机、是否有从轻、减轻或加重处罚的情节有重要参考价值。\n\n4. **案件发现和报案过程**：如何发现张三的盗窃行为，以及报案人是谁，报案的时间和过程等，这些信息有助于了解案件的侦破和处理流程。\n\n5. **证据材料**：需要提供相关的证据支持，包括但不限于现场证据、视频监控、目击者证言、物证等，这些是评估案件性质和确定责任的关键。\n\n6. **张三的陈述和辩解**：张三对于盗窃行为的认识、态度及其辩解的内容，是否有自首、立功等情节，对判决结果有直接影响。\n\n7. **受害人的陈述和损失情况**：受害人对于盗窃事件的描述，以及因盗窃行为所遭受的具体损失和影响，这对确定赔偿范围和刑事责任有重要作用。\n\n综上所述，当前提供的信息过于简单，无法进行深入的法律分析和案件评判。需要补充上述信息，才能对张三的盗窃行为进行全面、准确的案件分析和法律适用。"
          }
    },
    "analyze_evidence": {
        "url": "http://127.0.0.1:8000/api/v1/analysis",
        "inout": {},
        "output": {
            "evidence_id": 10010,
            "evidence": [
                "张三与李四之间借款合同或书面借条。",
                "张三的银行账户流水，证明其在2000年1月1日前后有3000元的支出。",
                "李四的银行账户流水，证明其在2000年1月1日前后收到3000元。",
                "双方的通信记录，证明借款事宜的讨论。",
                "见证人证言，如果有人在场目击了借款行为。",
                "还款或部分还款的证据，如果张三曾尝试偿还部分债务。",
                "张三的财务状况证明，以显示其偿还能力。",
                "任何有关双方之后就该笔借款进行沟通的证据，如短信、电子邮件或书信。",
                "如果存在，双方就该笔借款后续修改条款的书面协议。",
                "如果有，法院之前的裁决书或调解书，证明借款及其还款情况的法律认定。"
            ]
        }
    },
    "explain_analysis": {
        "url": "http://127.0.0.1:8000/api/v1/analysis",
        "inout": {},
        "output": {
            "case_id": 10010,
            "explanation": "由于提供的案件信息极为简略，且初始分析内容为空，以下分析将基于中国民法和刑法的相关规定，对张三的盗窃行为进行深入分析，并尝试提出可能的法律后果。\n\n### 1. 盗窃行为的性质和法律责任\n\n根据中国的刑法规定，盗窃是指非法占有的目的，秘密窃取他人财物的行为。张三盗窃的金额为3000元，这一行为明确构成了盗窃罪。在中国，盗窃罪的法律责任是根据盗窃金额的多少和行为人是否有其他不良记录等因素来确定的。\n\n### 2. 法律后果\n\n- **量刑标准**：根据中国刑法的相关规定，盗窃金额数额较大（一般指数千至数万元人民币），并且没有其他加重情节的，可能被判处三年以下有期徒刑、拘役或者管制，并处或者单处罚金。由于张三盗窃的金额为3000元，这一金额属于较小数额，因此，张三可能面临的刑事责任相对较轻。\n\n- **情节加重因素**：如果张三此前有盗窃前科或者是在特殊时期（如自然灾害、事故灾难期间）进行盗窃，或盗窃公共财物、国有公司、企业、事业单位、人民团体的财物，那么其所承担的法律责任可能会加重。\n\n- **民事责任**：除刑事责任外，张三还可能承担民事赔偿责任。根据中国民法的规定，侵害他人财产权利的，应当承担赔偿损失的责任。因此，张三有可能需要向被盗窃方赔偿3000元及可能的间接损失。\n\n### 3. 法律程序\n\n张三的案件将经过立案、侦查、审查起诉和审判几个阶段。在此过程中，张三有权获得法律援助，包括委托辩护律师参与案件的各个环节，保护自己的合法权益。\n\n### 4. 分析扩展\n\n- **个案与法律规定的关系**：分析张三的案件，可以看出个案分析离不开具体法律规定的支撑。对于盗窃罪的认定及其量刑，需要基于刑法的明文规定进行。\n\n- **法律适用的灵活性**：尽管法律对于盗窃行为有明确的规定，但在实际操作中，法官在判决时往往会考虑案件的具体情况，例如被告人的悔罪表现、是否有赔偿被害人的意愿和能力等因素，从而作出更为公正合理的判决。\n\n- **预防和教育的重要性**：从根本上减少此类犯罪的发生，不仅需要法律的严格制裁，还需要社会各界特别是家庭、学校等基本社会单位加强法治教育和道德教育，提高公民的法律意识和道德观念。\n\n综上所述，张三的盗窃行为不仅触犯了刑法，还可能需要承担相应的民事责任。此案件亦反映出法律适用的灵活性以及预防和教育的重要性。"
          }
    },
   "explain_evidence_need": {
        "url": "http://127.0.0.1:8000/api/v1/analysis",
        "inout": {},
        "output": {
            "case_id": 10010,
            "evidence_explanation": "监控录像是必要的证据，因为它可以直接显示张三在特定时间和地点是否进行了盗窃行为，有助于证明张三的行为是否构成盗窃罪。此外，监控录像也可以用来辨认嫌疑人的身份，为案件的侦破提供重要线索。"
          }
    },
    "verify_analysis":{
        "url": "http://127.0.0.1:8000/api/v1/analysis",
        "inout": {},
        "output": {
            "case_id": 10010,
            "verification_result": "考虑到案件详情仅提供了非常简短的信息，即“张三盗窃3000元”，而没有给出具体的案件分析内容，我将基于该案件的基本情况进行一般性的评估分析。\n\n首先，案件涉及的主要法律问题是盗窃行为。盗窃作为一种侵犯公民财产所有权的行为，在中国民法和刑法中都有明确的规定。根据相关法律，盗窃行为的认定需要满足特定条件，包括但不限于非法占有的目的、秘密窃取他人财物等特征。\n\n案件详情虽简，但指出张三盗窃了3000元，这意味着张三的行为已构成盗窃。在进行法律分析时，应当考虑以下几个方面：\n\n1. **行为人的主观意图和行为方式**：张三是否有非法占有的目的，其盗窃的行为是否是秘密进行的。\n2. **被盗财物的价值**：被盗财物的价值对于判决结果有重要影响。虽然3000元可能不会触及较高刑事责任的起点，但仍然是刑事责任的可能范围内。\n3. **可能的情节和从轻、减轻情节**：比如张三是否属于初犯、是否有自首情节、是否有返还财物等行为，这些都会影响最终的法律后果。\n\n由于分析内容未给出，我无法直接对其准确性和合理性进行评价。但根据案件的基本情况，任何有效的分析都应当围绕上述几个方面进行。一个合理的法律分析应该不仅指出行为的法律性质，还应当对可能的刑事责任范围、相关的法律适用以及判决建议进行综合考虑。\n\n总的来说，在没有具体分析内容的情况下，评估张三的案件应依据其行为特征、法律规定及可能的情节等因素进行全面分析。一个准确和合理的分析应当深入探讨这些方面，以便于形成对案件合理的法律认定和判断。"
          }
    }
    
}